federation,recordName,ageGroup,gender,ageMin,ageMax,bodyWeightMin,bodyWeightMax,lift,record,name,date,place
Carolina,Carolina,U13,M,0,13,0,40,Snatch,30,STANDARD,,
Carolina,Carolina,U13,M,0,13,0,40,Clean & Jerk,36,STANDARD,,
Carolina,Carolina,U13,M,0,13,0,40,Total,66,STANDARD,,
Carolina,Carolina,U13,F,0,13,0,36,Snatch,21,STANDARD,,
Carolina,Carolina,U13,F,0,13,0,36,Clean & Jerk,27,STANDARD,,
Carolina,Carolina,U13,F,0,13,0,36,Total,48,STANDARD,,
Carolina,Carolina,U13,M,0,13,40,44,Snatch,34,STANDARD,,
Carolina,Carolina,U13,M,0,13,40,44,Clean & Jerk,45,STANDARD,,
Carolina,Carolina,U13,M,0,13,40,44,Total,78,STANDARD,,
Carolina,Carolina,U13,F,0,13,36,40,Snatch,27,STANDARD,,
Carolina,Carolina,U13,F,0,13,36,40,Clean & Jerk,34,STANDARD,,
Carolina,Carolina,U13,F,0,13,36,40,Total,60,STANDARD,,
Carolina,Carolina,U13,M,0,13,44,48,Snatch,42,STANDARD,,
Carolina,Carolina,U13,M,0,13,44,48,Clean & Jerk,53,STANDARD,,
Carolina,Carolina,U13,M,0,13,44,48,Total,94,STANDARD,,
Carolina,Carolina,U13,F,0,13,40,44,Snatch,38,Isla Dominguez,2025-09-24,"Cary, NC"
Carolina,Carolina,U13,F,0,13,40,44,Clean & Jerk,50,Isla Dominguez,2025-09-24,"Cary, NC"
Carolina,Carolina,U13,F,0,13,40,44,Total,88,Isla Dominguez,2025-09-24,"Cary, NC"
Carolina,Carolina,U13,M,0,13,48,52,Snatch,44,STANDARD,,
Carolina,Carolina,U13,M,0,13,48,52,Clean & Jerk,60,STANDARD,,
Carolina,Carolina,U13,M,0,13,48,52,Total,104,STANDARD,,
Carolina,Carolina,U13,F,0,13,44,48,Snatch,39,Isla Dominguez,2025-10-18,"Chapin, SC"
Carolina,Carolina,U13,F,0,13,44,48,Clean & Jerk,53,Isla Dominguez,2025-10-18,"Chapin, SC"
Carolina,Carolina,U13,F,0,13,44,48,Total,92,Isla Dominguez,2025-10-18,"Chapin, SC"
Carolina,Carolina,U13,M,0,13,52,56,Snatch,45,STANDARD,,
Carolina,Carolina,U13,M,0,13,52,56,Clean & Jerk,61,STANDARD,,
Carolina,Carolina,U13,M,0,13,52,56,Total,105,STANDARD,,
Carolina,Carolina,U13,F,0,13,48,53,Snatch,42,STANDARD,,
Carolina,Carolina,U13,F,0,13,48,53,Clean & Jerk,54,STANDARD,,
Carolina,Carolina,U13,F,0,13,48,53,Total,96,STANDARD,,
Carolina,Carolina,U13,M,0,13,56,60,Snatch,57,STANDARD,,
Carolina,Carolina,U13,M,0,13,56,60,Clean & Jerk,75,STANDARD,,
Carolina,Carolina,U13,M,0,13,56,60,Total,132,STANDARD,,
Carolina,Carolina,U13,F,0,13,53,58,Snatch,49,STANDARD,,
Carolina,Carolina,U13,F,0,13,53,58,Clean & Jerk,60,STANDARD,,
Carolina,Carolina,U13,F,0,13,53,58,Total,108,STANDARD,,
Carolina,Carolina,U13,M,0,13,60,65,Snatch,69,STANDARD,,
Carolina,Carolina,U13,M,0,13,60,65,Clean & Jerk,89,STANDARD,,
Carolina,Carolina,U13,M,0,13,60,65,Total,157,STANDARD,,
Carolina,Carolina,U13,F,0,13,58,63,Snatch,50,STANDARD,,
Carolina,Carolina,U13,F,0,13,58,63,Clean & Jerk,61,STANDARD,,
Carolina,Carolina,U13,F,0,13,58,63,Total,109,STANDARD,,
Carolina,Carolina,U13,M,0,13,65,>65,Snatch,79,STANDARD,,
Carolina,Carolina,U13,M,0,13,65,>65,Clean & Jerk,99,STANDARD,,
Carolina,Carolina,U13,M,0,13,65,>65,Total,177,STANDARD,,
Carolina,Carolina,U13,F,0,13,63,>63,Snatch,51,STANDARD,,
Carolina,Carolina,U13,F,0,13,63,>63,Clean & Jerk,62,STANDARD,,
Carolina,Carolina,U13,F,0,13,63,>63,Total,110,STANDARD,,
Carolina,Carolina,U15,M,14,15,0,48,Snatch,53,Jackson Rose,2025-10-19,"Chapin, SC"
Carolina,Carolina,U15,M,14,15,0,48,Clean & Jerk,61,Jackson Rose,2025-10-19,"Chapin, SC"
Carolina,Carolina,U15,M,14,15,0,48,Total,114,Jackson Rose,2025-10-19,"Chapin, SC"
Carolina,Carolina,U15,F,14,15,0,40,Snatch,28,STANDARD,,
Carolina,Carolina,U15,F,14,15,0,40,Clean & Jerk,40,STANDARD,,
Carolina,Carolina,U15,F,14,15,0,40,Total,66,STANDARD,,
Carolina,Carolina,U15,M,14,15,48,52,Snatch,48,STANDARD,,
Carolina,Carolina,U15,M,14,15,48,52,Clean & Jerk,61,STANDARD,,
Carolina,Carolina,U15,M,14,15,48,52,Total,111,STANDARD,,
Carolina,Carolina,U15,F,14,15,40,44,Snatch,30,STANDARD,,
Carolina,Carolina,U15,F,14,15,40,44,Clean & Jerk,42,STANDARD,,
Carolina,Carolina,U15,F,14,15,40,44,Total,70,STANDARD,,
Carolina,Carolina,U15,M,14,15,52,56,Snatch,57,STANDARD,,
Carolina,Carolina,U15,M,14,15,52,56,Clean & Jerk,74,STANDARD,,
Carolina,Carolina,U15,M,14,15,52,56,Total,127,STANDARD,,
Carolina,Carolina,U15,F,14,15,44,48,Snatch,45,STANDARD,,
Carolina,Carolina,U15,F,14,15,44,48,Clean & Jerk,57,STANDARD,,
Carolina,Carolina,U15,F,14,15,44,48,Total,101,STANDARD,,
Carolina,Carolina,U15,M,14,15,56,60,Snatch,72,STANDARD,,
Carolina,Carolina,U15,M,14,15,56,60,Clean & Jerk,88,STANDARD,,
Carolina,Carolina,U15,M,14,15,56,60,Total,159,STANDARD,,
Carolina,Carolina,U15,F,14,15,48,53,Snatch,51,STANDARD,,
Carolina,Carolina,U15,F,14,15,48,53,Clean & Jerk,66,STANDARD,,
Carolina,Carolina,U15,F,14,15,48,53,Total,116,STANDARD,,
Carolina,Carolina,U15,M,14,15,60,65,Snatch,82,STANDARD,,
Carolina,Carolina,U15,M,14,15,60,65,Clean & Jerk,110,STANDARD,,
Carolina,Carolina,U15,M,14,15,60,65,Total,192,STANDARD,,
Carolina,Carolina,U15,F,14,15,53,58,Snatch,62,Lilla Heath,2023-12-07,"Wilmington, NC"
Carolina,Carolina,U15,F,14,15,53,58,Clean & Jerk,72,Lilla Heath,2023-12-07,"Wilmington, NC"
Carolina,Carolina,U15,F,14,15,53,58,Total,134,Lilla Heath,2023-12-07,"Wilmington, NC"
Carolina,Carolina,U15,M,14,15,65,71,Snatch,88,STANDARD,,
Carolina,Carolina,U15,M,14,15,65,71,Clean & Jerk,115,STANDARD,,
Carolina,Carolina,U15,M,14,15,65,71,Total,198,STANDARD,,
Carolina,Carolina,U15,F,14,15,58,63,Snatch,56,STANDARD,,
Carolina,Carolina,U15,F,14,15,58,63,Clean & Jerk,69,STANDARD,,
Carolina,Carolina,U15,F,14,15,58,63,Total,121,STANDARD,,
Carolina,Carolina,U15,M,14,15,71,79,Snatch,101,STANDARD,,
Carolina,Carolina,U15,M,14,15,71,79,Clean & Jerk,132,STANDARD,,
Carolina,Carolina,U15,M,14,15,71,79,Total,230,STANDARD,,
Carolina,Carolina,U15,F,14,15,63,69,Snatch,62,STANDARD,,
Carolina,Carolina,U15,F,14,15,63,69,Clean & Jerk,75,STANDARD,,
Carolina,Carolina,U15,F,14,15,63,69,Total,135,STANDARD,,
Carolina,Carolina,U15,M,14,15,79,>79,Snatch,102,STANDARD,,
Carolina,Carolina,U15,M,14,15,79,>79,Clean & Jerk,133,STANDARD,,
Carolina,Carolina,U15,M,14,15,79,>79,Total,231,STANDARD,,
Carolina,Carolina,U15,F,14,15,69,>69,Snatch,63,STANDARD,,
Carolina,Carolina,U15,F,14,15,69,>69,Clean & Jerk,80,STANDARD,,
Carolina,Carolina,U15,F,14,15,69,>69,Total,143,STANDARD,,
Carolina,Carolina,U17,M,16,17,0,56,Snatch,83,Sebastian Rose,2024-05-22,"Lima, Peru"
Carolina,Carolina,U17,M,16,17,0,56,Clean & Jerk,103,Sebastian Rose,2024-05-22,"Lima, Peru"
Carolina,Carolina,U17,M,16,17,0,56,Total,186,Sebastian Rose,2024-05-22,"Lima, Peru"
Carolina,Carolina,U17,F,16,17,0,44,Snatch,44,STANDARD,,
Carolina,Carolina,U17,F,16,17,0,44,Clean & Jerk,52,STANDARD,,
Carolina,Carolina,U17,F,16,17,0,44,Total,98,STANDARD,,
Carolina,Carolina,U17,M,16,17,56,60,Snatch,77,STANDARD,,
Carolina,Carolina,U17,M,16,17,56,60,Clean & Jerk,93,STANDARD,,
Carolina,Carolina,U17,M,16,17,56,60,Total,168,STANDARD,,
Carolina,Carolina,U17,F,16,17,44,48,Snatch,53,STANDARD,,
Carolina,Carolina,U17,F,16,17,44,48,Clean & Jerk,68,STANDARD,,
Carolina,Carolina,U17,F,16,17,44,48,Total,121,STANDARD,,
Carolina,Carolina,U17,M,16,17,60,65,Snatch,90,STANDARD,,
Carolina,Carolina,U17,M,16,17,60,65,Clean & Jerk,117,STANDARD,,
Carolina,Carolina,U17,M,16,17,60,65,Total,207,STANDARD,,
Carolina,Carolina,U17,F,16,17,48,53,Snatch,62,STANDARD,,
Carolina,Carolina,U17,F,16,17,48,53,Clean & Jerk,78,STANDARD,,
Carolina,Carolina,U17,F,16,17,48,53,Total,138,STANDARD,,
Carolina,Carolina,U17,M,16,17,65,71,Snatch,100,Timothy Neal,2025-12-05,"Daytona Beach, FL"
Carolina,Carolina,U17,M,16,17,65,71,Clean & Jerk,124,STANDARD,,
Carolina,Carolina,U17,M,16,17,65,71,Total,221,Timothy Neal,2025-12-05,"Daytona Beach, FL"
Carolina,Carolina,U17,F,16,17,53,58,Snatch,65,STANDARD,,
Carolina,Carolina,U17,F,16,17,53,58,Clean & Jerk,80,STANDARD,,
Carolina,Carolina,U17,F,16,17,53,58,Total,143,STANDARD,,
Carolina,Carolina,U17,M,16,17,71,79,Snatch,106,STANDARD,,
Carolina,Carolina,U17,M,16,17,71,79,Clean & Jerk,139,STANDARD,,
Carolina,Carolina,U17,M,16,17,71,79,Total,242,STANDARD,,
Carolina,Carolina,U17,F,16,17,58,63,Snatch,68,Lilla Heath,2024-10-19,"Bermuda Run, NC"
Carolina,Carolina,U17,F,16,17,58,63,Clean & Jerk,81,STANDARD,,
Carolina,Carolina,U17,F,16,17,58,63,Total,145,STANDARD,,
Carolina,Carolina,U17,M,16,17,79,88,Snatch,117,STANDARD,,
Carolina,Carolina,U17,M,16,17,79,88,Clean & Jerk,145,STANDARD,,
Carolina,Carolina,U17,M,16,17,79,88,Total,261,STANDARD,,
Carolina,Carolina,U17,F,16,17,63,69,Snatch,71,STANDARD,,
Carolina,Carolina,U17,F,16,17,63,69,Clean & Jerk,89,STANDARD,,
Carolina,Carolina,U17,F,16,17,63,69,Total,159,STANDARD,,
Carolina,Carolina,U17,M,16,17,88,94,Snatch,118,STANDARD,,
Carolina,Carolina,U17,M,16,17,88,94,Clean & Jerk,146,STANDARD,,
Carolina,Carolina,U17,M,16,17,88,94,Total,262,STANDARD,,
Carolina,Carolina,U17,F,16,17,69,77,Snatch,73,STANDARD,,
Carolina,Carolina,U17,F,16,17,69,77,Clean & Jerk,90,STANDARD,,
Carolina,Carolina,U17,F,16,17,69,77,Total,169,STANDARD,,
Carolina,Carolina,U17,M,16,17,94,>94,Snatch,125,Emory McFann,2026-03-09,"Columbus, OH"
Carolina,Carolina,U17,M,16,17,94,>94,Clean & Jerk,147,STANDARD,,
Carolina,Carolina,U17,M,16,17,94,>94,Total,265,Emory McFann,2026-03-09,"Columbus, OH"
Carolina,Carolina,U17,F,16,17,77,>77,Snatch,79,Ansley Amore,2024-05-04,"Charlotte, NC"
Carolina,Carolina,U17,F,16,17,77,>77,Clean & Jerk,95,Ansley Amore,2024-10-19,"Bermuda Run, NC"
Carolina,Carolina,U17,F,16,17,77,>77,Total,173,Ansley Amore,2024-08-24,"Charlotte, NC"
Carolina,Carolina,JR,M,15,20,0,60,Snatch,94,STANDARD,,
Carolina,Carolina,JR,M,15,20,0,60,Clean & Jerk,131,STANDARD,,
Carolina,Carolina,JR,M,15,20,0,60,Total,226,STANDARD,,
Carolina,Carolina,JR,F,15,20,0,48,Snatch,54,STANDARD,,
Carolina,Carolina,JR,F,15,20,0,48,Clean & Jerk,75,STANDARD,,
Carolina,Carolina,JR,F,15,20,0,48,Total,127,STANDARD,,
Carolina,Carolina,JR,M,15,20,60,65,Snatch,97,STANDARD,,
Carolina,Carolina,JR,M,15,20,60,65,Clean & Jerk,132,STANDARD,,
Carolina,Carolina,JR,M,15,20,60,65,Total,227,STANDARD,,
Carolina,Carolina,JR,F,15,20,48,53,Snatch,67,Denise Diaz,2024-05-04,"Charlotte, NC"
Carolina,Carolina,JR,F,15,20,48,53,Clean & Jerk,84,Denise Diaz,2024-05-04,"Charlotte, NC"
Carolina,Carolina,JR,F,15,20,48,53,Total,151,Denise Diaz,2024-05-04,"Charlotte, NC"
Carolina,Carolina,JR,M,15,20,65,71,Snatch,112,STANDARD,,
Carolina,Carolina,JR,M,15,20,65,71,Clean & Jerk,140,STANDARD,,
Carolina,Carolina,JR,M,15,20,65,71,Total,258,STANDARD,,
Carolina,Carolina,JR,F,15,20,53,58,Snatch,80,Alyssa Jordan,2025-12-05,"Daytona Beach, FL"
Carolina,Carolina,JR,F,15,20,53,58,Clean & Jerk,94,Alyssa Jordan,2025-12-05,"Daytona Beach, FL"
Carolina,Carolina,JR,F,15,20,53,58,Total,174,Alyssa Jordan,2025-12-05,"Daytona Beach, FL"
Carolina,Carolina,JR,M,15,20,71,79,Snatch,113,STANDARD,,
Carolina,Carolina,JR,M,15,20,71,79,Clean & Jerk,144,STANDARD,,
Carolina,Carolina,JR,M,15,20,71,79,Total,259,STANDARD,,
Carolina,Carolina,JR,F,15,20,58,63,Snatch,75,Alyssa Jordan,2025-06-29,"Colorado Springs, CO"
Carolina,Carolina,JR,F,15,20,58,63,Clean & Jerk,98,STANDARD,,
Carolina,Carolina,JR,F,15,20,58,63,Total,173,STANDARD,,
Carolina,Carolina,JR,M,15,20,79,88,Snatch,114,STANDARD,,
Carolina,Carolina,JR,M,15,20,79,88,Clean & Jerk,147,STANDARD,,
Carolina,Carolina,JR,M,15,20,79,88,Total,262,STANDARD,,
Carolina,Carolina,JR,F,15,20,63,69,Snatch,84,STANDARD,,
Carolina,Carolina,JR,F,15,20,63,69,Clean & Jerk,108,STANDARD,,
Carolina,Carolina,JR,F,15,20,63,69,Total,186,STANDARD,,
Carolina,Carolina,JR,M,15,20,88,94,Snatch,115,STANDARD,,
Carolina,Carolina,JR,M,15,20,88,94,Clean & Jerk,150,STANDARD,,
Carolina,Carolina,JR,M,15,20,88,94,Total,265,STANDARD,,
Carolina,Carolina,JR,F,15,20,69,77,Snatch,85,STANDARD,,
Carolina,Carolina,JR,F,15,20,69,77,Clean & Jerk,110,Ruby Shepard,2024-10-19,"Bermuda Run, NC"
Carolina,Carolina,JR,F,15,20,69,77,Total,192,Ruby Shepard,2024-10-19,"Bermuda Run, NC"
Carolina,Carolina,JR,M,15,20,94,110,Snatch,125,Tank Lunsford,2022-10-16,"Hickory, NC"
Carolina,Carolina,JR,M,15,20,94,110,Clean & Jerk,152,STANDARD,,
Carolina,Carolina,JR,M,15,20,94,110,Total,275,Tank Lunsford,2022-10-16,"Hickory, NC"
Carolina,Carolina,JR,F,15,20,77,86,Snatch,88,Harley Creech,2023-12-10,"Wilmington, NC"
Carolina,Carolina,JR,F,15,20,77,86,Clean & Jerk,111,Harley Creech,2023-12-10,"Wilmington, NC"
Carolina,Carolina,JR,F,15,20,77,86,Total,199,Harley Creech,2023-12-10,"Wilmington, NC"
Carolina,Carolina,JR,M,15,20,110,>110,Snatch,125,Emory McFann,2026-03-09,"Columbus, OH"
Carolina,Carolina,JR,M,15,20,110,>110,Clean & Jerk,153,STANDARD,,
Carolina,Carolina,JR,M,15,20,110,>110,Total,274,STANDARD,,
Carolina,Carolina,JR,F,15,20,86,>86,Snatch,88,Harley Creech,2023-10-14,"Camden, SC"
Carolina,Carolina,JR,F,15,20,86,>86,Clean & Jerk,111,Harley Creech,2023-10-14,"Camden, SC"
Carolina,Carolina,JR,F,15,20,86,>86,Total,199,Harley Creech,2023-10-14,"Camden, SC"
Carolina,Carolina,Open,M,0,999,0,60,Snatch,94,STANDARD,,
Carolina,Carolina,Open,M,0,999,0,60,Clean & Jerk,131,STANDARD,,
Carolina,Carolina,Open,M,0,999,0,60,Total,226,STANDARD,,
Carolina,Carolina,Open,F,0,999,0,48,Snatch,65,STANDARD,,
Carolina,Carolina,Open,F,0,999,0,48,Clean & Jerk,83,STANDARD,,
Carolina,Carolina,Open,F,0,999,0,48,Total,149,STANDARD,,
Carolina,Carolina,Open,M,0,999,60,65,Snatch,103,Chase Overpeck,2026-03-21,"Raleigh, NC"
Carolina,Carolina,Open,M,0,999,60,65,Clean & Jerk,132,STANDARD,,
Carolina,Carolina,Open,M,0,999,60,65,Total,231,Chase Overpeck,2026-03-21,"Raleigh, NC"
Carolina,Carolina,Open,F,0,999,48,53,Snatch,77,Katherine Lee,2025-06-27,"Colorado Springs, CO"
Carolina,Carolina,Open,F,0,999,48,53,Clean & Jerk,92,Sarah Wright,2026-03-05,"Columbus, OH"
Carolina,Carolina,Open,F,0,999,48,53,Total,168,Sarah Wright,2025-12-05,"Daytona Beach, FL"
Carolina,Carolina,Open,M,0,999,65,71,Snatch,113,STANDARD,,
Carolina,Carolina,Open,M,0,999,65,71,Clean & Jerk,143,STANDARD,,
Carolina,Carolina,Open,M,0,999,65,71,Total,258,STANDARD,,
Carolina,Carolina,Open,F,0,999,53,58,Snatch,85,Elena Schorr,2025-12-05,"Daytona Beach, FL"
Carolina,Carolina,Open,F,0,999,53,58,Clean & Jerk,103,Elena Schorr,2025-12-05,"Daytona Beach, FL"
Carolina,Carolina,Open,F,0,999,53,58,Total,188,Elena Schorr,2025-12-05,"Daytona Beach, FL"
Carolina,Carolina,Open,M,0,999,71,79,Snatch,152,Ryan Grimsland,2025-06-28,"Colorado Springs, CO"
Carolina,Carolina,Open,M,0,999,71,79,Clean & Jerk,190,Ryan Grimsland,2025-10-06,"Førde, Norway"
Carolina,Carolina,Open,M,0,999,71,79,Total,342,Ryan Grimsland,2025-10-06,"Førde, Norway"
Carolina,Carolina,Open,F,0,999,58,63,Snatch,83,Elena Schorr,2023-10-14,"Camden, SC"
Carolina,Carolina,Open,F,0,999,58,63,Clean & Jerk,104,Danielle Sheppard,2025-10-18,"Chapin, SC"
Carolina,Carolina,Open,F,0,999,58,63,Total,185,Danielle Sheppard,2025-10-18,"Chapin, SC"
Carolina,Carolina,Open,M,0,999,79,88,Snatch,147,Ryan Grimsland,2025-10-19,"Chapin, SC"
Carolina,Carolina,Open,M,0,999,79,88,Clean & Jerk,190,Ryan Grimsland,2025-10-19,"Chapin, SC"
Carolina,Carolina,Open,M,0,999,79,88,Total,337,Ryan Grimsland,2025-10-19,"Chapin, SC"
Carolina,Carolina,Open,F,0,999,63,69,Snatch,90,Mariah Merkle,2025-10-18,"Chapin, SC"
Carolina,Carolina,Open,F,0,999,63,69,Clean & Jerk,110,Mariah Merkle,2025-10-18,"Chapin, SC"
Carolina,Carolina,Open,F,0,999,63,69,Total,200,Mariah Merkle,2025-10-18,"Chapin, SC"
Carolina,Carolina,Open,M,0,999,88,94,Snatch,150,"Jaimerius ""JJ"" Williams",2025-10-19,"Chapin, SC"
Carolina,Carolina,Open,M,0,999,88,94,Clean & Jerk,185,"Jaimerius ""JJ"" Williams",2025-10-19,"Chapin, SC"
Carolina,Carolina,Open,M,0,999,88,94,Total,335,"Jaimerius ""JJ"" Williams",2025-10-19,"Chapin, SC"
Carolina,Carolina,Open,F,0,999,69,77,Snatch,94,Ivy Gunn,2026-03-08,"Columbus, OH"
Carolina,Carolina,Open,F,0,999,69,77,Clean & Jerk,119,Tayler Harris,2023-04-22,"Summerville, SC"
Carolina,Carolina,Open,F,0,999,69,77,Total,207,Ivy Gunn,2026-03-08,"Columbus, OH"
Carolina,Carolina,Open,M,0,999,94,110,Snatch,152,"Jaimerius ""JJ"" Williams",2024-10-20,"Bermuda Run, NC"
Carolina,Carolina,Open,M,0,999,94,110,Clean & Jerk,190,"Jaimerius ""JJ"" Williams",2024-10-20,"Bermuda Run, NC"
Carolina,Carolina,Open,M,0,999,94,110,Total,342,"Jaimerius ""JJ"" Williams",2024-10-20,"Bermuda Run, NC"
Carolina,Carolina,Open,F,0,999,77,86,Snatch,98,Harley Creech,2024-10-19,"Bermuda Run, NC"
Carolina,Carolina,Open,F,0,999,77,86,Clean & Jerk,125,Harley Creech,2025-10-18,"Chapin, SC"
Carolina,Carolina,Open,F,0,999,77,86,Total,221,Harley Creech,2024-10-19,"Bermuda Run, NC"
Carolina,Carolina,Open,M,0,999,110,>110,Snatch,176,Caine Wilkes,2025-12-05,"Daytona Beach, FL"
Carolina,Carolina,Open,M,0,999,110,>110,Clean & Jerk,210,Caine Wilkes,2025-04-06,"Atlanta, GA"
Carolina,Carolina,Open,M,0,999,110,>110,Total,381,Caine Wilkes,2025-12-05,"Daytona Beach, FL"
Carolina,Carolina,Open,F,0,999,86,>86,Snatch,94,Harley Creech,2024-08-24,"Charlotte, NC"
Carolina,Carolina,Open,F,0,999,86,>86,Clean & Jerk,120,Harley Creech,2025-05-10,"Charlotte, NC"
Carolina,Carolina,Open,F,0,999,86,>86,Total,214,Harley Creech,2025-05-10,"Charlotte, NC"
Carolina,Carolina,M35,M,35,39,0,60,Snatch,76,STANDARD,,
Carolina,Carolina,M35,M,35,39,0,60,Clean & Jerk,94,STANDARD,,
Carolina,Carolina,M35,M,35,39,0,60,Total,170,STANDARD,,
Carolina,Carolina,W35,F,35,39,0,48,Snatch,56,STANDARD,,
Carolina,Carolina,W35,F,35,39,0,48,Clean & Jerk,73,STANDARD,,
Carolina,Carolina,W35,F,35,39,0,48,Total,127,STANDARD,,
Carolina,Carolina,M35,M,35,39,60,65,Snatch,81,STANDARD,,
Carolina,Carolina,M35,M,35,39,60,65,Clean & Jerk,98,STANDARD,,
Carolina,Carolina,M35,M,35,39,60,65,Total,178,STANDARD,,
Carolina,Carolina,W35,F,35,39,48,53,Snatch,77,Katherine Lee,2025-06-27,"Colorado Springs, CO"
Carolina,Carolina,W35,F,35,39,48,53,Clean & Jerk,83,Katherine Lee,2025-12-05,"Daytona Beach, FL"
Carolina,Carolina,W35,F,35,39,48,53,Total,157,Katherine Lee,2025-12-05,"Daytona Beach, FL"
Carolina,Carolina,M35,M,35,39,65,71,Snatch,98,STANDARD,,
Carolina,Carolina,M35,M,35,39,65,71,Clean & Jerk,120,STANDARD,,
Carolina,Carolina,M35,M,35,39,65,71,Total,218,STANDARD,,
Carolina,Carolina,M35,M,35,39,71,79,Snatch,108,Brian Henry,2023-10-15,"Camden, SC"
Carolina,Carolina,M35,M,35,39,71,79,Clean & Jerk,140,Brian Henry,2023-10-15,"Camden, SC"
Carolina,Carolina,M35,M,35,39,71,79,Total,248,Brian Henry,2023-10-15,"Camden, SC"
Carolina,Carolina,W35,F,35,39,58,63,Snatch,68,Olga Pisarskiy,2022-10-15,"Hickory, NC"
Carolina,Carolina,W35,F,35,39,58,63,Clean & Jerk,87,STANDARD,,
Carolina,Carolina,W35,F,35,39,58,63,Total,150,Olga Pisarskiy,2022-10-15,"Hickory, NC"
Carolina,Carolina,M35,M,35,39,79,88,Snatch,120,Stephen Strouse,2025-05-10,"Charlotte, NC"
Carolina,Carolina,M35,M,35,39,79,88,Clean & Jerk,145,Stephen Strouse,2025-05-10,"Charlotte, NC"
Carolina,Carolina,M35,M,35,39,79,88,Total,265,Stephen Strouse,2025-05-10,"Charlotte, NC"
Carolina,Carolina,W35,F,35,39,63,69,Snatch,74,Michelle Vancza,2025-10-18,"Chapin, SC"
Carolina,Carolina,W35,F,35,39,63,69,Clean & Jerk,100,STANDARD,,
Carolina,Carolina,W35,F,35,39,63,69,Total,180,STANDARD,,
Carolina,Carolina,M35,M,35,39,88,94,Snatch,120,Stephen Strouse,2025-05-10,"Charlotte, NC"
Carolina,Carolina,M35,M,35,39,88,94,Clean & Jerk,148,Olban Calix,2025-10-19,"Chapin, SC"
Carolina,Carolina,M35,M,35,39,88,94,Total,266,Jacob Elder,2024-10-20,"Bermuda Run, NC"
Carolina,Carolina,W35,F,35,39,69,77,Snatch,92,Tayler Harris,2022-07-02,"Las Vegas, NV"
Carolina,Carolina,W35,F,35,39,69,77,Clean & Jerk,119,Tayler Harris,2023-04-22,"Summerville, SC"
Carolina,Carolina,W35,F,35,39,69,77,Total,205,Tayler Harris,2023-04-22,"Summerville, SC"
Carolina,Carolina,M35,M,35,39,94,110,Snatch,123,Stephen Butcher,2023-10-15,"Camden, SC"
Carolina,Carolina,M35,M,35,39,94,110,Clean & Jerk,155,Justin Flanagan,2024-10-20,"Bermuda Run, NC"
Carolina,Carolina,M35,M,35,39,94,110,Total,275,Justin Flanagan,2024-10-20,"Bermuda Run, NC"
Carolina,Carolina,W35,F,35,39,77,86,Snatch,85,Mary Quigley,2025-07-19,"Indian Trail, NC"
Carolina,Carolina,W35,F,35,39,77,86,Clean & Jerk,108,Mary Quigley,2025-07-19,"Indian Trail, NC"
Carolina,Carolina,W35,F,35,39,77,86,Total,193,Mary Quigley,2025-07-19,"Indian Trail, NC"
Carolina,Carolina,M35,M,35,39,110,>110,Snatch,176,Caine WIlkes,2025-12-05,"Daytona Beach, FL"
Carolina,Carolina,M35,M,35,39,110,>110,Clean & Jerk,210,Caine WIlkes,2025-04-06,"Atlanta, GA"
Carolina,Carolina,M35,M,35,39,110,>110,Total,381,Caine Wilkes,2025-12-05,"Daytona Beach, FL"
Carolina,Carolina,W35,F,35,39,86,>86,Snatch,77,Mary Quigley,2024-10-19,"Bermuda Run, NC"
Carolina,Carolina,W35,F,35,39,86,>86,Clean & Jerk,103,Mary Quigley,2024-10-19,"Bermuda Run, NC"
Carolina,Carolina,W35,F,35,39,86,>86,Total,180,Mary Quigley,2024-10-19,"Bermuda Run, NC"
Carolina,Carolina,M40,M,40,44,0,60,Snatch,72,STANDARD,,
Carolina,Carolina,M40,M,40,44,0,60,Clean & Jerk,88,STANDARD,,
Carolina,Carolina,M40,M,40,44,0,60,Total,163,STANDARD,,
Carolina,Carolina,W40,F,40,44,0,48,Snatch,50,STANDARD,,
Carolina,Carolina,W40,F,40,44,0,48,Clean & Jerk,61,STANDARD,,
Carolina,Carolina,W40,F,40,44,0,48,Total,110,STANDARD,,
Carolina,Carolina,M40,M,40,44,60,65,Snatch,77,STANDARD,,
Carolina,Carolina,M40,M,40,44,60,65,Clean & Jerk,93,STANDARD,,
Carolina,Carolina,M40,M,40,44,60,65,Total,175,STANDARD,,
Carolina,Carolina,W40,F,40,44,48,53,Snatch,54,STANDARD,,
Carolina,Carolina,W40,F,40,44,48,53,Clean & Jerk,66,STANDARD,,
Carolina,Carolina,W40,F,40,44,48,53,Total,119,STANDARD,,
Carolina,Carolina,W40,F,40,44,53,58,Snatch,63,STANDARD,,
Carolina,Carolina,W40,F,40,44,53,58,Clean & Jerk,81,STANDARD,,
Carolina,Carolina,W40,F,40,44,53,58,Total,143,STANDARD,,
Carolina,Carolina,M40,M,40,44,71,79,Snatch,90,,,
Carolina,Carolina,M40,M,40,44,71,79,Clean & Jerk,120,,,
Carolina,Carolina,M40,M,40,44,71,79,Total,215,,,
Carolina,Carolina,W40,F,40,44,58,63,Snatch,65,Cynthia Rae,2025-10-18,"Chapin, SC"
Carolina,Carolina,W40,F,40,44,58,63,Clean & Jerk,87,Cynthia Rae,2025-10-18,"Chapin, SC"
Carolina,Carolina,W40,F,40,44,58,63,Total,152,Cynthia Rae,2025-10-18,"Chapin, SC"
Carolina,Carolina,M40,M,40,44,79,88,Snatch,104,Matthew Gonzalez,2022-10-16,"Hickory, NC"
Carolina,Carolina,M40,M,40,44,79,88,Clean & Jerk,131,Matthew Gonzalez,2022-10-16,"Hickory, NC"
Carolina,Carolina,M40,M,40,44,79,88,Total,235,Matthew Gonzalez,2022-10-16,"Hickory, NC"
Carolina,Carolina,W40,F,40,44,63,69,Snatch,68,Kate Painter,2025-10-18,"Chapin, SC"
Carolina,Carolina,W40,F,40,44,63,69,Clean & Jerk,90,Kate Painter,2025-10-18,"Chapin, SC"
Carolina,Carolina,W40,F,40,44,63,69,Total,158,Kate Painter,2025-10-18,"Chapin, SC"
Carolina,Carolina,M40,M,40,44,88,94,Snatch,114,STANDARD,,
Carolina,Carolina,M40,M,40,44,88,94,Clean & Jerk,145,Jordan Jacobs,2025-08-09,"Columbia, SC"
Carolina,Carolina,M40,M,40,44,88,94,Total,258,STANDARD,,
Carolina,Carolina,W40,F,40,44,69,77,Snatch,77,Amy Pierce,2024-10-19,"Bermuda Run, NC"
Carolina,Carolina,W40,F,40,44,69,77,Clean & Jerk,100,Amy Pierce,2024-10-19,"Bermuda Run, NC"
Carolina,Carolina,W40,F,40,44,69,77,Total,177,Amy Pierce,2024-10-19,"Bermuda Run, NC"
Carolina,Carolina,M40,M,40,44,94,110,Snatch,129,John Smith,2023-05-20,"Wilmington, NC"
Carolina,Carolina,M40,M,40,44,94,110,Clean & Jerk,149,John Smith,2023-05-20,"Wilmington, NC"
Carolina,Carolina,M40,M,40,44,94,110,Total,278,John Smith,2023-05-20,"Wilmington, NC"
Carolina,Carolina,W40,F,40,44,77,86,Snatch,74,Leigh Legare,2025-10-18,"Chapin, SC"
Carolina,Carolina,W40,F,40,44,77,86,Clean & Jerk,100,Leigh Legare,2025-10-18,"Chapin, SC"
Carolina,Carolina,W40,F,40,44,77,86,Total,174,Leigh Legare,2025-10-18,"Chapin, SC"
Carolina,Carolina,M40,M,40,44,110,>110,Snatch,140,Timothy Clouatre,2025-10-19,"Chapin, SC"
Carolina,Carolina,M40,M,40,44,110,>110,Clean & Jerk,166,Timothy Clouatre,2025-10-19,"Chapin, SC"
Carolina,Carolina,M40,M,40,44,110,>110,Total,306,Timothy Clouatre,2025-10-19,"Chapin, SC"
Carolina,Carolina,W40,F,40,44,86,>86,Snatch,81,STANDARD,,
Carolina,Carolina,W40,F,40,44,86,>86,Clean & Jerk,104,STANDARD,,
Carolina,Carolina,W40,F,40,44,86,>86,Total,186,STANDARD,,
Carolina,Carolina,M45,M,45,49,60,65,Snatch,72,STANDARD,,
Carolina,Carolina,M45,M,45,49,60,65,Clean & Jerk,85,STANDARD,,
Carolina,Carolina,M45,M,45,49,60,65,Total,157,STANDARD,,
Carolina,Carolina,M45,M,45,49,65,71,Snatch,72,Jonathan Ridenour,2023-10-15,"Camden, SC"
Carolina,Carolina,M45,M,45,49,65,71,Clean & Jerk,85,Jonathan Ridenour,2023-10-15,"Camden, SC"
Carolina,Carolina,M45,M,45,49,65,71,Total,157,Jonathan Ridenour,2023-10-15,"Camden, SC"
Carolina,Carolina,M45,M,45,49,71,79,Snatch,69,Nathan Beriau,2024-05-04,"Charlotte, NC"
Carolina,Carolina,M45,M,45,49,71,79,Clean & Jerk,101,Nathan Beriau,2024-10-20,"Bermuda Run, NC"
Carolina,Carolina,M45,M,45,49,71,79,Total,169,Nathan Beriau,2024-05-04,"Charlotte, NC"
Carolina,Carolina,W45,F,45,49,58,63,Snatch,54,Miranda Rackley,2022-10-15,"Hickory, NC"
Carolina,Carolina,W45,F,45,49,58,63,Clean & Jerk,73,Lynnette Hull,2024-10-19,"Bermuda Run, NC"
Carolina,Carolina,W45,F,45,49,58,63,Total,124,Lynnette Hull,2024-10-19,"Bermuda Run, NC"
Carolina,Carolina,M45,M,45,49,79,88,Snatch,81,Brian Zimmerman,2023-10-15,"Camden, SC"
Carolina,Carolina,M45,M,45,49,79,88,Clean & Jerk,102,Brian Zimmerman,2024-10-20,"Bermuda Run, NC"
Carolina,Carolina,M45,M,45,49,79,88,Total,180,Brian Zimmerman,2024-10-20,"Bermuda Run, NC"
Carolina,Carolina,W45,F,45,49,63,69,Snatch,61,A. Isabelle Miller,2024-10-19,"Bermuda Run, NC"
Carolina,Carolina,W45,F,45,49,63,69,Clean & Jerk,75,Jessica King,2025-10-18,"Chapin, SC"
Carolina,Carolina,W45,F,45,49,63,69,Total,130,A. Isabelle Miller,2024-10-19,"Bermuda Run, NC"
Carolina,Carolina,M45,M,45,49,88,94,Snatch,85,Andrew Hatchett,2022-10-16,"Hickory, NC"
Carolina,Carolina,M45,M,45,49,88,94,Clean & Jerk,110,Andrew Hatchett,2022-10-16,"Hickory, NC"
Carolina,Carolina,M45,M,45,49,88,94,Total,195,Andrew Hatchett,2022-10-16,"Hickory, NC"
Carolina,Carolina,W45,F,45,49,69,77,Snatch,64,Mary Chatriwala,2024-03-02,"Columbus, OH"
Carolina,Carolina,W45,F,45,49,69,77,Clean & Jerk,86,Mary Chatriwala,2024-03-02,"Columbus, OH"
Carolina,Carolina,W45,F,45,49,69,77,Total,150,Mary Chatriwala,2024-03-02,"Columbus, OH"
Carolina,Carolina,M45,M,45,49,94,110,Snatch,106,Jay Joyner,2022-10-16,"Hickory, NC"
Carolina,Carolina,M45,M,45,49,94,110,Clean & Jerk,142,Eric Ammon,2023-10-15,"Camden, SC"
Carolina,Carolina,M45,M,45,49,94,110,Total,246,Eric Ammon,2023-10-15,"Camden, SC"
Carolina,Carolina,W45,F,45,49,77,86,Snatch,55,Taryn Gibson,2024-10-19,"Bermuda Run, NC"
Carolina,Carolina,W45,F,45,49,77,86,Clean & Jerk,71,Melissa Melvin-Rodriguez,2024-10-19,"Bermuda Run, NC"
Carolina,Carolina,W45,F,45,49,77,86,Total,124,Taryn Gibson,2024-10-19,"Bermuda Run, NC"
Carolina,Carolina,M45,M,45,49,110,>110,Snatch,121,Gavin Hough,2026-03-08,"Columbus, OH"
Carolina,Carolina,M45,M,45,49,110,>110,Clean & Jerk,158,Gavin Hough,2026-03-08,"Columbus, OH"
Carolina,Carolina,M45,M,45,49,110,>110,Total,279,Gavin Hough,2026-03-08,"Columbus, OH"
Carolina,Carolina,W50,F,50,54,53,58,Snatch,58,Pamela Gagnon,2025-10-18,"Chapin, SC"
Carolina,Carolina,W50,F,50,54,53,58,Clean & Jerk,77,Pamela Gagnon,2025-10-18,"Chapin, SC"
Carolina,Carolina,W50,F,50,54,53,58,Total,135,Pamela Gagnon,2025-10-18,"Chapin, SC"
Carolina,Carolina,M50,M,50,54,71,79,Snatch,77,Brian Zimmerman,2025-10-19,"Chapin, SC"
Carolina,Carolina,M50,M,50,54,71,79,Clean & Jerk,95,Brian Zimmerman,2025-10-19,"Chapin, SC"
Carolina,Carolina,M50,M,50,54,71,79,Total,172,Brian Zimmerman,2025-10-19,"Chapin, SC"
Carolina,Carolina,M50,M,50,54,79,88,Snatch,89,Jimmy Kantor,2025-10-19,"Chapin, SC"
Carolina,Carolina,M50,M,50,54,79,88,Clean & Jerk,101,Jeffrey Sasser,2022-10-16,"Hickory, NC"
Carolina,Carolina,M50,M,50,54,79,88,Total,166,Jeffrey Sasser,2022-10-16,"Hickory, NC"
Carolina,Carolina,M50,M,50,54,88,94,Snatch,81,Corbett McCallum,2025-12-05,"Daytona Beach, FL"
Carolina,Carolina,M50,M,50,54,88,94,Clean & Jerk,109,Corbett McCallum,2025-12-05,"Daytona Beach, FL"
Carolina,Carolina,M50,M,50,54,88,94,Total,190,Corbett McCallum,2025-12-05,"Daytona Beach, FL"
Carolina,Carolina,W50,F,50,54,69,77,Snatch,36,Helen Shiver,2022-10-15,"Hickory, NC"
Carolina,Carolina,W50,F,50,54,69,77,Clean & Jerk,43,Helen Shiver,2022-10-15,"Hickory, NC"
Carolina,Carolina,W50,F,50,54,69,77,Total,79,Helen Shiver,2022-10-15,"Hickory, NC"
Carolina,Carolina,M50,M,50,54,94,110,Snatch,100,Gregory Vallee,2025-10-19,"Hickory, NC"
Carolina,Carolina,M50,M,50,54,94,110,Clean & Jerk,140,Gregory Vallee,2025-10-19,"Hickory, NC"
Carolina,Carolina,M50,M,50,54,94,110,Total,240,Gregory Vallee,2025-10-19,"Hickory, NC"
Carolina,Carolina,W50,F,50,54,77,86,Snatch,27,Michelle McNeil,2025-10-18,"Chapin, SC"
Carolina,Carolina,W50,F,50,54,77,86,Clean & Jerk,41,Michelle McNeil,2025-10-18,"Chapin, SC"
Carolina,Carolina,W50,F,50,54,77,86,Total,68,Michelle McNeil,2025-10-18,"Chapin, SC"
Carolina,Carolina,M50,M,50,54,110,>110,Snatch,100,Gregory Vallee,2024-10-20,"Bermuda Run, NC"
Carolina,Carolina,M50,M,50,54,110,>110,Clean & Jerk,138,Gregory Vallee,2024-10-20,"Bermuda Run, NC"
Carolina,Carolina,M50,M,50,54,110,>110,Total,238,Gregory Vallee,2024-10-20,"Bermuda Run, NC"
Carolina,Carolina,W55,F,55,59,53,58,Snatch,37,Katrina Donahue,2025-10-28,"Chapin, SC"
Carolina,Carolina,W55,F,55,59,53,58,Clean & Jerk,49,Katrina Donahue,2025-10-28,"Chapin, SC"
Carolina,Carolina,W55,F,55,59,53,58,Total,86,Katrina Donahue,2025-10-28,"Chapin, SC"
Carolina,Carolina,M55,M,55,59,79,88,Snatch,71,Steve Schang,2025-10-19,"Chapin, SC"
Carolina,Carolina,M55,M,55,59,79,88,Clean & Jerk,91,Steve Schang,2025-10-19,"Chapin, SC"
Carolina,Carolina,M55,M,55,59,79,88,Total,162,Steve Schang,2025-10-19,"Chapin, SC"
Carolina,Carolina,W55,F,55,59,63,69,Snatch,41,Silke Spang,2022-10-15,"Hickory, NC"
Carolina,Carolina,W55,F,55,59,63,69,Clean & Jerk,53,Silke Spang,2022-10-15,"Hickory, NC"
Carolina,Carolina,W55,F,55,59,63,69,Total,94,Silke Spang,2022-10-15,"Hickory, NC"
Carolina,Carolina,M55,M,55,59,88,94,Snatch,65,Steve Schang,2024-10-20,"Bermuda Run, NC"
Carolina,Carolina,M55,M,55,59,88,94,Clean & Jerk,84,Steve Schang,2024-10-20,"Bermuda Run, NC"
Carolina,Carolina,M55,M,55,59,88,94,Total,149,Steve Schang,2024-10-20,"Bermuda Run, NC"
Carolina,Carolina,W55,F,55,59,69,77,Snatch,49,Sheryl Soule,2024-10-19,"Bermuda Run, NC"
Carolina,Carolina,W55,F,55,59,69,77,Clean & Jerk,64,Sheryl Soule,2024-10-19,"Bermuda Run, NC"
Carolina,Carolina,W55,F,55,59,69,77,Total,113,Sheryl Soule,2024-10-19,"Bermuda Run, NC"
Carolina,Carolina,M55,M,55,59,94,110,Snatch,94,Tracy Helton,2024-05-04,"Charlotte, NC"
Carolina,Carolina,M55,M,55,59,94,110,Clean & Jerk,122,Tracy Helton,2024-05-04,"Charlotte, NC"
Carolina,Carolina,M55,M,55,59,94,110,Total,216,Tracy Helton,2024-05-04,"Charlotte, NC"
Carolina,Carolina,M60,M,60,64,60,65,Snatch,47,Russell Seay,2025-10-19,"Chapin, SC"
Carolina,Carolina,M60,M,60,64,60,65,Clean & Jerk,60,Russell Seay,2025-10-19,"Chapin, SC"
Carolina,Carolina,M60,M,60,64,60,65,Total,107,Russell Seay,2025-10-19,"Chapin, SC"
Carolina,Carolina,M60,M,60,64,71,79,Snatch,71,Frank Pinheiro,2023-10-15,"Camden, SC"
Carolina,Carolina,M60,M,60,64,71,79,Clean & Jerk,90,Frank Pinheiro,2023-10-15,"Camden, SC"
Carolina,Carolina,M60,M,60,64,71,79,Total,161,Frank Pinheiro,2023-10-15,"Camden, SC"
Carolina,Carolina,W60,F,60,64,58,63,Snatch,36,Kellie Moylan,2024-10-19,"Bermuda Run, NC"
Carolina,Carolina,W60,F,60,64,58,63,Clean & Jerk,45,Kellie Moylan,2023-10-14,"Camden, SC"
Carolina,Carolina,W60,F,60,64,58,63,Total,80,Kellie Moylan,2023-10-14,"Camden, SC"
Carolina,Carolina,M60,M,60,64,79,88,Snatch,67,Stuart Grimsley,2026-03-06,"Columbus, OH"
Carolina,Carolina,M60,M,60,64,79,88,Clean & Jerk,90,Stuart Grimsley,2025-07-26,"Fuquay-Varnia, NC"
Carolina,Carolina,M60,M,60,64,79,88,Total,155,Stuart Grimsley,2025-07-26,"Fuquay-Varnia, NC"
Carolina,Carolina,W60,F,60,64,63,69,Snatch,46,Sheryl Soule,2025-10-18,"Chapin, SC"
Carolina,Carolina,W60,F,60,64,63,69,Clean & Jerk,63,Sheryl Soule,2025-10-18,"Chapin, SC"
Carolina,Carolina,W60,F,60,64,63,69,Total,109,Sheryl Soule,2025-10-18,"Chapin, SC"
Carolina,Carolina,M60,M,60,64,88,94,Snatch,80,Mark Lado,2025-10-19,"Chapin, SC"
Carolina,Carolina,M60,M,60,64,88,94,Clean & Jerk,116,Mark Lado,2025-10-19,"Chapin, SC"
Carolina,Carolina,M60,M,60,64,88,94,Total,196,Mark Lado,2025-10-19,"Chapin, SC"
Carolina,Carolina,M60,M,60,64,94,110,Snatch,85,Allen Yates,2024-10-20,"Bermuda Run, NC"
Carolina,Carolina,M60,M,60,64,94,110,Clean & Jerk,108,Allen Yates,2024-10-20,"Bermuda Run, NC"
Carolina,Carolina,M60,M,60,64,94,110,Total,193,Allen Yates,2024-10-20,"Bermuda Run, NC"
Carolina,Carolina,M65,M,65,69,65,71,Snatch,72,Frank Pinheiro,2025-12-04,"Daytona Beach, FL"
Carolina,Carolina,M65,M,65,69,65,71,Clean & Jerk,86,Frank Pinheiro,2025-12-04,"Daytona Beach, FL"
Carolina,Carolina,M65,M,65,69,65,71,Total,159,Frank Pinheiro,2025-12-04,"Daytona Beach, FL"
Carolina,Carolina,M65,M,65,69,71,79,Snatch,56,Mike Prussel,2025-10-19,"Chapin, SC"
Carolina,Carolina,M65,M,65,69,71,79,Clean & Jerk,76,Mike Prussel,2024-10-20,"Bermuda Run, NC"
Carolina,Carolina,M65,M,65,69,71,79,Total,132,Mike Prussel,2025-10-19,"Chapin, SC"
Carolina,Carolina,M65,M,65,69,79,88,Snatch,64,Hank Berger,2022-10-16,"Hickory, NC"
Carolina,Carolina,M65,M,65,69,79,88,Clean & Jerk,84,Hank Berger,2022-10-16,"Hickory, NC"
Carolina,Carolina,M65,M,65,69,79,88,Total,148,Hank Berger,2022-10-16,"Hickory, NC"
Carolina,Carolina,W65,F,65,69,63,69,Snatch,33,Bennie Jarvis,2025-08-31,"Fort Worth, TX"
Carolina,Carolina,W65,F,65,69,63,69,Clean & Jerk,43,Bennie Jarvis,2025-09-01,"Fort Worth, TX"
Carolina,Carolina,W65,F,65,69,63,69,Total,76,Bennie Jarvis,2025-09-02,"Fort Worth, TX"
Carolina,Carolina,M65,M,65,69,88,94,Snatch,53,Carlos Martinez,2024-10-20,"Bermuda Run, NC"
Carolina,Carolina,M65,M,65,69,88,94,Clean & Jerk,73,Carlos Martinez,2024-10-20,"Bermuda Run, NC"
Carolina,Carolina,M65,M,65,69,88,94,Total,126,Carlos Martinez,2024-10-20,"Bermuda Run, NC"
Carolina,Carolina,W65,F,65,69,69,77,Snatch,28,Marissa Hardie,2022-10-15,"Hickory, NC"
Carolina,Carolina,W65,F,65,69,69,77,Clean & Jerk,40,Marissa Hardie,2022-10-15,"Hickory, NC"
Carolina,Carolina,W65,F,65,69,69,77,Total,68,Marissa Hardie,2022-10-15,"Hickory, NC"
Carolina,Carolina,M70,M,70,74,60,65,Snatch,45,Jerome Miller,2022-10-16,"Hickory, NC"
Carolina,Carolina,M70,M,70,74,60,65,Clean & Jerk,55,Jerome Miller,2022-10-16,"Hickory, NC"
Carolina,Carolina,M70,M,70,74,60,65,Total,100,Jerome Miller,2022-10-16,"Hickory, NC"
Carolina,Carolina,M70,M,70,74,65,71,Snatch,52,Jerome Miller,2023-10-15,"Camden, SC"
Carolina,Carolina,M70,M,70,74,65,71,Clean & Jerk,62,Jerome Miller,2023-10-15,"Camden, SC"
Carolina,Carolina,M70,M,70,74,65,71,Total,114,Jerome Miller,2023-10-15,"Camden, SC"
Carolina,Carolina,M75,M,75,79,60,65,Snatch,49,Jerome Miller,2024-10-20,"Bermuda Run, NC"
Carolina,Carolina,M75,M,75,79,60,65,Clean & Jerk,63,Jerome Miller,2024-10-20,"Bermuda Run, NC"
Carolina,Carolina,M75,M,75,79,60,65,Total,112,Jerome Miller,2024-10-20,"Bermuda Run, NC"
