id,date,session_id,start_time,weigh_in_time,platform,weight_class,meet
123,2026-03-05,1,09:00:00,07:00:00,Red,W 53kg D,2026 VIRUS Weightlifting Series 1
124,2026-03-05,1,09:00:00,07:00:00,White,W 48kg B,2026 VIRUS Weightlifting Series 1
125,2026-03-05,1,09:00:00,07:00:00,Blue,M 32-48kg C,2026 VIRUS Weightlifting Series 1
126,2026-03-05,1,09:00:00,07:00:00,Stars,M 56-60kg C,2026 VIRUS Weightlifting Series 1
127,2026-03-05,1,09:00:00,07:00:00,Stripes,M 65kg C,2026 VIRUS Weightlifting Series 1
128,2026-03-05,2,11:00:00,09:00:00,Red,W 53kg C,2026 VIRUS Weightlifting Series 1
129,2026-03-05,2,11:00:00,09:00:00,White,W 30-36kg A,2026 VIRUS Weightlifting Series 1
130,2026-03-05,2,11:00:00,09:00:00,Blue,M 32-52kg B,2026 VIRUS Weightlifting Series 1
131,2026-03-05,2,11:00:00,09:00:00,Stars,M 56-60kg B,2026 VIRUS Weightlifting Series 1
132,2026-03-05,2,11:00:00,09:00:00,Stripes,M 65kg B,2026 VIRUS Weightlifting Series 1
133,2026-03-05,3,13:00:00,11:00:00,Red,W 53kg B,2026 VIRUS Weightlifting Series 1
134,2026-03-05,3,13:00:00,11:00:00,White,M 36-52kg A,2026 VIRUS Weightlifting Series 1
135,2026-03-05,3,13:00:00,11:00:00,Blue,W 63kg J,2026 VIRUS Weightlifting Series 1
136,2026-03-05,3,13:00:00,11:00:00,Stars,W 48kg A,2026 VIRUS Weightlifting Series 1
137,2026-03-05,3,13:00:00,11:00:00,Stripes,W 40-44kg A,2026 VIRUS Weightlifting Series 1
138,2026-03-05,4,15:00:00,13:00:00,Red,M 79kg I,2026 VIRUS Weightlifting Series 1
139,2026-03-05,4,15:00:00,13:00:00,White,W 58kg I,2026 VIRUS Weightlifting Series 1
140,2026-03-05,4,15:00:00,13:00:00,Blue,W 63kg I,2026 VIRUS Weightlifting Series 1
141,2026-03-05,4,15:00:00,13:00:00,Stars,M 56-60kg A,2026 VIRUS Weightlifting Series 1
142,2026-03-05,4,15:00:00,13:00:00,Stripes,M 65+kg D + 71kg D,2026 VIRUS Weightlifting Series 1
143,2026-03-05,5,17:00:00,15:00:00,Red,M 79kg H,2026 VIRUS Weightlifting Series 1
144,2026-03-05,5,17:00:00,15:00:00,White,W 58kg H,2026 VIRUS Weightlifting Series 1
145,2026-03-05,5,17:00:00,15:00:00,Blue,W 63kg H,2026 VIRUS Weightlifting Series 1
146,2026-03-05,5,17:00:00,15:00:00,Stars,W 53kg A,2026 VIRUS Weightlifting Series 1
147,2026-03-05,5,17:00:00,15:00:00,Stripes,M 71kg C,2026 VIRUS Weightlifting Series 1
148,2026-03-05,6,19:00:00,17:00:00,Red,M 79kg G,2026 VIRUS Weightlifting Series 1
149,2026-03-05,6,19:00:00,17:00:00,White,W 58kg G,2026 VIRUS Weightlifting Series 1
150,2026-03-05,6,19:00:00,17:00:00,Blue,W 63kg G,2026 VIRUS Weightlifting Series 1
151,2026-03-05,6,19:00:00,17:00:00,Stars,M 65kg A,2026 VIRUS Weightlifting Series 1
152,2026-03-05,6,19:00:00,17:00:00,Stripes,M 71kg B,2026 VIRUS Weightlifting Series 1
153,2026-03-06,7,09:00:00,07:00:00,Red,W 58kg F,2026 VIRUS Weightlifting Series 1
154,2026-03-06,7,09:00:00,07:00:00,White,W 63kg F,2026 VIRUS Weightlifting Series 1
155,2026-03-06,7,09:00:00,07:00:00,Blue,W 63+kg + 69kg L,2026 VIRUS Weightlifting Series 1
156,2026-03-06,7,09:00:00,07:00:00,Stars,M 79kg F,2026 VIRUS Weightlifting Series 1
157,2026-03-06,7,09:00:00,07:00:00,Stripes,M 79+kg + 88kg L,2026 VIRUS Weightlifting Series 1
158,2026-03-06,8,11:00:00,09:00:00,Red,W 58kg E,2026 VIRUS Weightlifting Series 1
159,2026-03-06,8,11:00:00,09:00:00,White,W 63kg E,2026 VIRUS Weightlifting Series 1
160,2026-03-06,8,11:00:00,09:00:00,Blue,W 63+kg + 69kg K,2026 VIRUS Weightlifting Series 1
161,2026-03-06,8,11:00:00,09:00:00,Stars,M 79kg E,2026 VIRUS Weightlifting Series 1
162,2026-03-06,8,11:00:00,09:00:00,Stripes,M 79+kg + 88kg K,2026 VIRUS Weightlifting Series 1
163,2026-03-06,9,12:30:00,10:30:00,Rogue,Mens Rogue,2026 VIRUS Weightlifting Series 1
164,2026-03-06,9,13:00:00,11:00:00,Red,W 58kg D,2026 VIRUS Weightlifting Series 1
165,2026-03-06,9,13:00:00,11:00:00,White,W 63kg D,2026 VIRUS Weightlifting Series 1
166,2026-03-06,9,13:00:00,11:00:00,Blue,M 71kg A,2026 VIRUS Weightlifting Series 1
167,2026-03-06,9,13:00:00,11:00:00,Stars,M 79kg D,2026 VIRUS Weightlifting Series 1
168,2026-03-06,9,13:00:00,11:00:00,Stripes,M 88kg J,2026 VIRUS Weightlifting Series 1
169,2026-03-06,10,14:50:00,12:50:00,Rogue,Womens Rogue,2026 VIRUS Weightlifting Series 1
170,2026-03-06,10,15:00:00,13:00:00,Red,W 58kg C,2026 VIRUS Weightlifting Series 1
171,2026-03-06,10,15:00:00,13:00:00,White,W 63kg C,2026 VIRUS Weightlifting Series 1
172,2026-03-06,10,15:00:00,13:00:00,Blue,W 69kg J,2026 VIRUS Weightlifting Series 1
173,2026-03-06,10,15:00:00,13:00:00,Stars,M 79kg C,2026 VIRUS Weightlifting Series 1
174,2026-03-06,10,15:00:00,13:00:00,Stripes,M 88kg I,2026 VIRUS Weightlifting Series 1
175,2026-03-06,11,17:00:00,15:00:00,Red,W 58kg B,2026 VIRUS Weightlifting Series 1
176,2026-03-06,11,17:00:00,15:00:00,White,W 63kg B,2026 VIRUS Weightlifting Series 1
177,2026-03-06,11,17:00:00,15:00:00,Blue,W 69kg I,2026 VIRUS Weightlifting Series 1
178,2026-03-06,11,17:00:00,15:00:00,Stars,M 79kg B,2026 VIRUS Weightlifting Series 1
179,2026-03-06,11,17:00:00,15:00:00,Stripes,M 88kg H,2026 VIRUS Weightlifting Series 1
180,2026-03-06,12,19:00:00,17:00:00,Red,W 58kg A,2026 VIRUS Weightlifting Series 1
181,2026-03-06,12,19:00:00,17:00:00,White,W 63kg A,2026 VIRUS Weightlifting Series 1
182,2026-03-06,12,19:00:00,17:00:00,Blue,W 69kg H,2026 VIRUS Weightlifting Series 1
183,2026-03-06,12,19:00:00,17:00:00,Stars,M 79kg A,2026 VIRUS Weightlifting Series 1
184,2026-03-06,12,19:00:00,17:00:00,Stripes,M 79+kg + 88kg G,2026 VIRUS Weightlifting Series 1
185,2026-03-07,13,08:00:00,06:00:00,Red,W 69kg G,2026 VIRUS Weightlifting Series 1
186,2026-03-07,13,08:00:00,06:00:00,White,M 88kg F,2026 VIRUS Weightlifting Series 1
187,2026-03-07,13,08:00:00,06:00:00,Blue,W 69+kg + 77kg L,2026 VIRUS Weightlifting Series 1
188,2026-03-07,13,08:00:00,06:00:00,Stars,M 94kg I,2026 VIRUS Weightlifting Series 1
189,2026-03-07,13,08:00:00,06:00:00,Stripes,M 94+kg + 110kg J,2026 VIRUS Weightlifting Series 1
190,2026-03-07,14,10:00:00,08:00:00,Rogue,Adaptive Men/Women Rogue,2026 VIRUS Weightlifting Series 1
191,2026-03-07,14,10:00:00,08:00:00,Red,W 69kg F,2026 VIRUS Weightlifting Series 1
192,2026-03-07,14,10:00:00,08:00:00,White,M 88kg E,2026 VIRUS Weightlifting Series 1
193,2026-03-07,14,10:00:00,08:00:00,Blue,W 69+kg + 77kg K,2026 VIRUS Weightlifting Series 1
194,2026-03-07,14,10:00:00,08:00:00,Stars,M 94kg H,2026 VIRUS Weightlifting Series 1
195,2026-03-07,14,10:00:00,08:00:00,Stripes,M 94+kg + 110kg I,2026 VIRUS Weightlifting Series 1
196,2026-03-07,15,12:00:00,10:00:00,Red,W 69kg E,2026 VIRUS Weightlifting Series 1
197,2026-03-07,15,12:00:00,10:00:00,White,M 88kg D,2026 VIRUS Weightlifting Series 1
198,2026-03-07,15,12:00:00,10:00:00,Blue,W 77kg J,2026 VIRUS Weightlifting Series 1
199,2026-03-07,15,12:00:00,10:00:00,Stars,M 94kg G,2026 VIRUS Weightlifting Series 1
200,2026-03-07,15,12:00:00,10:00:00,Stripes,M 94+kg + 110kg H,2026 VIRUS Weightlifting Series 1
201,2026-03-07,16,14:00:00,12:00:00,Red,W 69kg D,2026 VIRUS Weightlifting Series 1
202,2026-03-07,16,14:00:00,12:00:00,White,M 88kg C,2026 VIRUS Weightlifting Series 1
203,2026-03-07,16,14:00:00,12:00:00,Blue,W 77kg I,2026 VIRUS Weightlifting Series 1
204,2026-03-07,16,14:00:00,12:00:00,Stars,M 94kg F,2026 VIRUS Weightlifting Series 1
205,2026-03-07,16,14:00:00,12:00:00,Stripes,M 110kg G,2026 VIRUS Weightlifting Series 1
206,2026-03-07,17,16:00:00,14:00:00,Red,W 69kg C,2026 VIRUS Weightlifting Series 1
207,2026-03-07,17,16:00:00,14:00:00,White,M 88kg B,2026 VIRUS Weightlifting Series 1
208,2026-03-07,17,16:00:00,14:00:00,Blue,W 77kg H,2026 VIRUS Weightlifting Series 1
209,2026-03-07,17,16:00:00,14:00:00,Stars,M 94kg E,2026 VIRUS Weightlifting Series 1
210,2026-03-07,17,16:00:00,14:00:00,Stripes,W 77+kg + 86kg F,2026 VIRUS Weightlifting Series 1
211,2026-03-07,18,18:00:00,16:00:00,Red,W 69kg B,2026 VIRUS Weightlifting Series 1
212,2026-03-07,18,18:00:00,16:00:00,White,M 88kg A,2026 VIRUS Weightlifting Series 1
213,2026-03-07,18,18:00:00,16:00:00,Blue,W 77kg G,2026 VIRUS Weightlifting Series 1
214,2026-03-07,18,18:00:00,16:00:00,Stars,M 94kg D,2026 VIRUS Weightlifting Series 1
215,2026-03-07,18,18:00:00,16:00:00,Stripes,M 110kg F,2026 VIRUS Weightlifting Series 1
216,2026-03-07,19,20:00:00,18:00:00,Red,W 69kg A,2026 VIRUS Weightlifting Series 1
217,2026-03-07,19,20:00:00,18:00:00,White,W 77+kg + 86kg E,2026 VIRUS Weightlifting Series 1
218,2026-03-07,19,20:00:00,18:00:00,Blue,W 77kg F,2026 VIRUS Weightlifting Series 1
219,2026-03-07,19,20:00:00,18:00:00,Stripes,M 110kg E,2026 VIRUS Weightlifting Series 1
220,2026-03-08,20,08:00:00,06:00:00,Red,M 110kg D,2026 VIRUS Weightlifting Series 1
221,2026-03-08,20,08:00:00,06:00:00,White,W 86+kg E,2026 VIRUS Weightlifting Series 1
222,2026-03-08,20,08:00:00,06:00:00,Blue,W 86kg D,2026 VIRUS Weightlifting Series 1
223,2026-03-08,20,08:00:00,06:00:00,Stars,W 77kg E,2026 VIRUS Weightlifting Series 1
224,2026-03-08,20,08:00:00,06:00:00,Stripes,M 94kg C,2026 VIRUS Weightlifting Series 1
225,2026-03-08,21,10:00:00,08:00:00,Red,W 77+kg + 86kg C,2026 VIRUS Weightlifting Series 1
226,2026-03-08,21,10:00:00,08:00:00,White,W 86+kg D,2026 VIRUS Weightlifting Series 1
227,2026-03-08,21,10:00:00,08:00:00,Blue,M 110+kg D,2026 VIRUS Weightlifting Series 1
228,2026-03-08,21,10:00:00,08:00:00,Stars,W 77kg D,2026 VIRUS Weightlifting Series 1
229,2026-03-08,21,10:00:00,08:00:00,Stripes,M 94kg B,2026 VIRUS Weightlifting Series 1
230,2026-03-08,22,12:00:00,10:00:00,Red,M 94+kg + 110kg C,2026 VIRUS Weightlifting Series 1
231,2026-03-08,22,12:00:00,10:00:00,White,W 86+kg C,2026 VIRUS Weightlifting Series 1
232,2026-03-08,22,12:00:00,10:00:00,Blue,M 110+kg C,2026 VIRUS Weightlifting Series 1
233,2026-03-08,22,12:00:00,10:00:00,Stars,W 77kg C,2026 VIRUS Weightlifting Series 1
234,2026-03-08,22,12:00:00,10:00:00,Stripes,M 94kg A,2026 VIRUS Weightlifting Series 1
235,2026-03-08,23,14:00:00,12:00:00,Red,M 110kg B,2026 VIRUS Weightlifting Series 1
236,2026-03-08,23,14:00:00,12:00:00,White,W 86+kg B,2026 VIRUS Weightlifting Series 1
237,2026-03-08,23,14:00:00,12:00:00,Blue,M 110+kg B,2026 VIRUS Weightlifting Series 1
238,2026-03-08,23,14:00:00,12:00:00,Stars,W 77kg B,2026 VIRUS Weightlifting Series 1
239,2026-03-08,23,14:00:00,12:00:00,Stripes,W 77+kg + 86kg B,2026 VIRUS Weightlifting Series 1
240,2026-03-08,24,16:00:00,14:00:00,Red,M 110kg A,2026 VIRUS Weightlifting Series 1
241,2026-03-08,24,16:00:00,14:00:00,White,W 86+kg A,2026 VIRUS Weightlifting Series 1
242,2026-03-08,24,16:00:00,14:00:00,Blue,M 110+kg A,2026 VIRUS Weightlifting Series 1
243,2026-03-08,24,16:00:00,14:00:00,Stars,W 77kg A,2026 VIRUS Weightlifting Series 1
244,2026-03-08,24,16:00:00,14:00:00,Stripes,W 77+kg + 86kg A,2026 VIRUS Weightlifting Series 1
